Liberal,Win,
Gareth,Liberal,
Harry,Liberal,
Kev,Liberal,
Arji,Liberal,
Alex L,Hitler,
Liam,Fascist,
Rory,Liberal,
Dean,Fascist,
Kloe,Fascist,
Emma,Liberal,
,,,
Liberal,Loss,
Gareth,Liberal,
Harry,Liberal,
Kev,Fascist,
Arji,Hitler,
Alex L,Liberal,
Liam,Liberal,
Rory,Fascist,
Dean,Liberal,
Kloe,Fascist,
Emma,Liberal,
,,,
Liberal,Loss,
Gareth,Liberal,
Tony,Liberal,
Kloe,Liberal,
Alex L,Hitler,
Alex D,Liberal,
Rory,Liberal,
Harry,Fascist,
Liam,Fascist,
,,,
Liberal,Loss,
Gareth,Fascist,
Rory,Fascist,
Dean,Hitler,
Ben,Liberal,
Alex L,Liberal,
Alex D,Liberal,
Kev,Liberal,
Kloe,Liberal,
Harry,Liberal,
Tony,Fascist,
,,,
Liberal,Loss,
Gareth,Liberal,
Rory,Fascist,
Dean,Hitler,
Ben,Fascist,
Alex L,Liberal,
Alex D,Liberal,
Kev,Liberal,
Kloe,Fascist,
Harry,Liberal,
Tony,Liberal,
,,,
Liberal,Win,
Gareth,Liberal,
Rory,Fascist,
Dean,Liberal,
Ben,Liberal,
Alex L,Fascist,
Alex D,Liberal,
Kev,Liberal,
Kloe,Fascist,
Harry,Hitler,
Tony,Liberal,
,,,
Liberal,Loss,
Gareth,Liberal,
Rory,Liberal,
Dean,Liberal,
Ben,Fascist,
Alex L,Liberal,
Alex D,Fascist,
Kev,Liberal,
Kloe,Hitler,
Harry,Liberal,
Tony,Fascist,
,,,
Liberal,Win,
Rob,Hitler,
Rory,Liberal,
Ben,Liberal,
Alex L,Liberal,
Alex D,Liberal,
Kloe,Fascist,
Harry,Fascist,
,,,
Liberal,Loss
Rob,Liberal,
Rory,Fascist,
Ben,Liberal,
Alex L,Hitler,
Alex D,Fascist,
Kloe,Liberal,
Harry,Liberal,
,,,
Liberal,Win,
Gareth,Liberal,
Alex L,Fascist,
Alex D,Liberal,
Ben,Fascist,
Kev,Hitler,
Tony,Liberal,
Rory,Liberal,
Kloe,Liberal,
Harry,Fascist,
,,,
Liberal,Loss,
Gareth,Fascist,
Alex L,Liberal,
Alex D,Hitler,
Ben,Liberal,
Tony,Liberal,
Rory,Liberal,
Kloe,Fascist,
Harry,Liberal,
,,,
Liberal,Win,
Gareth,Liberal,
Alex D,Liberal,
Harry,Liberal,
Kev,Liberal,
Ben,Fascist,
Liam,Liberal,
Rob,Hitler,
Andy T,Fascist,
Dean,Fascist,
,,,
Liberal,Win,
Gareth,Liberal,
Alex D,Liberal,
Harry,Fascist,
Kev,Liberal,
Ben,Liberal,
Liam,Hitler,
Rory,Fascist,
Andy T,Liberal,
Dean,Fascist,
,,,
Liberal,Win,
Gareth,Liberal,
Alex D,Fascist,
Harry,Liberal,
Kev,Liberal,
Ben,Fascist,
Liam,Fascist,
Rory,Hitler,
Andy T,Liberal,
Kloe,Liberal,
Alex L,Liberal,
,,,
Liberal,Loss,
Gareth,Fascist,
Alex D,Fascist,
Harry,Liberal,
Kev,Liberal,
Ben,Liberal,
Liam,Hitler,
Rory,Fascist,
Andy T,Liberal,
Kloe,Liberal,
Alex L,Liberal,
,,,
Liberal,Win,
Gareth,Fascist,
Alex D,Liberal,
Harry,Liberal,
Tony,Liberal,
Dean,Liberal,
Liam,Fascist,
Rory,Liberal,
Andy T,Hitler,
Ben,Liberal,
Alex L,Fascist,
,,,
Liberal,Win,
Gareth,Fascist,
Alex D,Fascist,
Harry,Liberal,
Tony,Liberal,
Dean,Fascist,
Liam,Liberal,
Rory,Liberal,
Andy T,Hitler,
Ben,Liberal,
Alex L,Liberal,
,,,
Liberal,Win,
Gareth,Liberal,
Alex D,Liberal,
Kloe,Liberal,
Tony,Liberal,
Alex L,Hitler,
Rory,Liberal,
John G,Fascist,
Andy T,Fascist,
,,,
Liberal,Loss,
Gareth,Fascist,
Alex D,Liberal,
Kloe,Liberal,
Tony,Fascist,
Alex L,Hitler,
Rory,Fascist,
John G,Liberal,
Andy T,Liberal,
Dean,Liberal,
,,,
Liberal,Win,
Gareth,Fascist,
Alex D,Liberal,
Kloe,Liberal,
Tony,Hitler,
Alex L,Liberal,
Andy T,Fascist,
Kev,Liberal,
Harry,Liberal,
,,,
Liberal,Win,
Gareth,Liberal,
Alex D,Liberal,
Kloe,Fascist,
Tony,Liberal,
Alex L,Liberal,
Andy T,Fascist,
Kev,Hitler,
Harry,Liberal,
Dean,Fascist,
EOF,lol,